id_kursi,baris,sphere,bidang,singkat
K01,1,Properti dan Konstruksi,Agen properti,Agen Properti
K02,1,Properti dan Konstruksi,Kontraktor bangunan,Kontraktor
K03,1,Properti dan Konstruksi,Arsitek,Arsitek
K04,1,Properti dan Konstruksi,Desain interior,Interior
K05,1,Properti dan Konstruksi,Mekanikal elektrikal,ME
K06,1,Properti dan Konstruksi,Material bangunan,Material
K07,1,Properti dan Konstruksi,Furnitur custom,Furnitur
K08,1,Properti dan Konstruksi,Pengecatan dan waterproofing,Waterproof
K09,2,Keuangan dan Legal,Konsultan pajak,Pajak
K10,2,Keuangan dan Legal,Akuntan,Akuntan
K11,2,Keuangan dan Legal,Notaris dan PPAT,Notaris
K12,2,Keuangan dan Legal,Lawyer korporat,Lawyer
K13,2,Keuangan dan Legal,Asuransi jiwa dan kesehatan,Asuransi Jiwa
K14,2,Keuangan dan Legal,Asuransi umum,Asuransi Umum
K15,2,Keuangan dan Legal,Perencana keuangan,Financial Planner
K16,2,Keuangan dan Legal,Perizinan usaha,Perizinan
K17,3,Pemasaran dan Kreatif,Digital marketing,Digital Marketing
K18,3,Pemasaran dan Kreatif,Desain grafis dan branding,Branding
K19,3,Pemasaran dan Kreatif,Foto dan video,Foto Video
K20,3,Pemasaran dan Kreatif,Percetakan,Percetakan
K21,3,Pemasaran dan Kreatif,Merchandise dan souvenir,Souvenir
K22,3,Pemasaran dan Kreatif,Website dan aplikasi,Web & App
K23,3,Pemasaran dan Kreatif,Public relations,PR
K24,3,Pemasaran dan Kreatif,Signage dan reklame,Signage
K25,4,Acara dan Hospitality,Event organizer,EO
K26,4,Acara dan Hospitality,Wedding organizer,WO
K27,4,Acara dan Hospitality,Katering,Katering
K28,4,Acara dan Hospitality,Venue dan hotel,Venue
K29,4,Acara dan Hospitality,Dekorasi dan florist,Florist
K30,4,Acara dan Hospitality,Sound system dan lighting,Sound Lighting
K31,4,Acara dan Hospitality,Travel agent,Travel
K32,4,Acara dan Hospitality,MC dan hiburan,MC
K33,5,SDM dan Pengembangan,Training dan coaching,Training
K34,5,SDM dan Pengembangan,Rekrutmen,Rekrutmen
K35,5,SDM dan Pengembangan,Outsourcing tenaga kerja,Outsourcing
K36,5,SDM dan Pengembangan,Konsultan manajemen,Konsultan
K37,5,SDM dan Pengembangan,Asesmen psikologi,Psikolog
K38,5,SDM dan Pengembangan,Kursus bahasa,Kursus Bahasa
K39,5,SDM dan Pengembangan,Seragam kerja,Seragam
K40,5,SDM dan Pengembangan,Software HR dan payroll,HR Software
K41,6,Kesehatan dan Kecantikan,Klinik umum,Klinik
K42,6,Kesehatan dan Kecantikan,Dokter gigi,Dokter Gigi
K43,6,Kesehatan dan Kecantikan,Klinik kecantikan,Klinik Cantik
K44,6,Kesehatan dan Kecantikan,Fisioterapi,Fisioterapi
K45,6,Kesehatan dan Kecantikan,Alat kesehatan,Alkes
K46,6,Kesehatan dan Kecantikan,Fitness dan personal trainer,Fitness
K47,6,Kesehatan dan Kecantikan,Spa,Spa
K48,6,Kesehatan dan Kecantikan,Optik,Optik
K49,7,Teknologi dan Operasional Kantor,IT support dan jaringan,IT Support
K50,7,Teknologi dan Operasional Kantor,CCTV dan keamanan,CCTV
K51,7,Teknologi dan Operasional Kantor,Software bisnis dan ERP,ERP
K52,7,Teknologi dan Operasional Kantor,Pengadaan ATK,ATK
K53,7,Teknologi dan Operasional Kantor,Mesin fotokopi dan printer,Printer
K54,7,Teknologi dan Operasional Kantor,Internet provider,Internet
K55,7,Teknologi dan Operasional Kantor,Telekomunikasi,Telko
K56,7,Teknologi dan Operasional Kantor,Jasa kebersihan,Kebersihan
K57,8,"Otomotif, Logistik, dan Perdagangan",Dealer mobil,Dealer Mobil
K58,8,"Otomotif, Logistik, dan Perdagangan",Bengkel dan detailing,Bengkel
K59,8,"Otomotif, Logistik, dan Perdagangan",Rental kendaraan,Rental
K60,8,"Otomotif, Logistik, dan Perdagangan",Ekspedisi dan kurir,Ekspedisi
K61,8,"Otomotif, Logistik, dan Perdagangan",Freight forwarding,Forwarder
K62,8,"Otomotif, Logistik, dan Perdagangan",Importir dan distributor,Distributor
K63,8,"Otomotif, Logistik, dan Perdagangan",Supplier F&B,Supplier F&B
K64,8,"Otomotif, Logistik, dan Perdagangan",Kemasan,Kemasan
